customer_id,first_name,last_name,email,signup_date,country
1,Angel,Hill,donaldgarcia@example.net,2024-07-23,ST
2,Robert,Johnson,jesseguzman@example.net,2022-05-08,FJ
3,Jacqueline,Barnes,zlawrence@example.org,2024-11-12,PS
4,Helen,Peterson,jasongallagher@example.org,2025-03-23,BW
5,Michael,Cooper,lindsay78@example.org,2023-07-10,MT
6,Kelly,Fuller,barbara10@example.net,2022-04-26,GT
7,Tracie,Wyatt,jamesshawn@example.com,2025-02-03,DK
8,Jason,Adams,lynchgeorge@example.net,2023-06-25,HN
9,Noah,Mayo,gabriellecameron@example.org,2022-08-27,GT
10,Linda,Morales,clarksherri@example.net,2025-04-15,KW
11,Victor,Wilkerson,ithomas@example.org,2022-11-07,CH
12,Jose,Richards,icox@example.net,2024-03-31,SA
13,Brandon,Rodriguez,laurahenderson@example.org,2022-05-13,MV
14,Wendy,Rice,frazierdanny@example.net,2023-07-12,GB
15,Danielle,Rodriguez,amoore@example.net,2023-01-25,WS
16,Vincent,White,harrellkenneth@example.net,2023-01-20,SD
17,Eric,Farmer,georgetracy@example.org,2024-06-08,ML
18,Marie,Parker,allenashley@example.org,2025-07-07,BS
19,Lisa,Spence,davidalvarez@example.net,2024-12-05,DM
20,Monique,Henderson,sarahcampos@example.net,2023-01-23,FR
21,Raymond,Powers,samuel87@example.org,2024-11-07,HU
22,Matthew,Chapman,briannasmith@example.net,2022-11-25,ZM
23,Carlos,Johnson,chad34@example.net,2022-03-28,RU
24,David,Walls,esanchez@example.com,2022-11-09,ET
25,Donna,Gomez,uowens@example.org,2022-05-18,GQ
26,Debbie,Brown,lauren13@example.org,2024-08-12,ET
27,Donald,White,ewright@example.com,2024-02-23,SY
28,Denise,Fernandez,novaksara@example.org,2022-05-24,DM
29,Timothy,Hancock,martinaaron@example.com,2023-08-17,IN
30,Kristen,Mitchell,smoore@example.org,2025-09-15,BG
31,Amy,Adkins,williamsthomas@example.net,2024-04-26,DJ
32,William,York,larsonemma@example.org,2022-03-25,NA
33,Pamela,Sanchez,harveyrobert@example.net,2022-06-25,TM
34,Sarah,Harris,john62@example.net,2024-02-03,KH
35,Leslie,Walton,smithchristine@example.net,2023-03-15,BZ
36,Jason,Baker,nicole35@example.com,2022-04-18,DJ
37,Amy,Turner,contrerasangela@example.net,2023-10-03,CA
38,Dennis,Wilson,newtoneric@example.com,2025-10-03,UY
39,Matthew,Watts,william40@example.org,2022-11-04,ZW
40,Joshua,Smith,danagreen@example.net,2023-09-11,PA
41,Ronald,Smith,landryhannah@example.org,2024-03-17,ST
42,Mike,Tran,tanderson@example.com,2022-02-22,BB
43,Jason,Wright,gomezanita@example.com,2025-08-06,VN
44,Sara,Young,theresacochran@example.com,2024-12-30,AR
45,Sandra,Patton,vpham@example.org,2022-09-20,IQ
46,Jacqueline,Reyes,garrisonjeffrey@example.com,2022-08-21,MG
47,Laura,Perez,kellerraymond@example.com,2023-03-22,BJ
48,Joshua,May,ifrazier@example.com,2025-11-13,AT
49,Tara,White,benjamin96@example.com,2022-06-18,ZA
50,Samuel,Joyce,cruzbarbara@example.com,2025-02-22,BD
51,Aaron,Frost,michaeljones@example.net,2024-11-01,LS
52,Elizabeth,Martinez,william65@example.com,2024-06-29,MC
53,David,Fisher,lbyrd@example.net,2023-03-08,TN
54,Amy,Smith,jason99@example.net,2023-03-16,LI
55,Scott,Lewis,yleon@example.net,2023-11-11,DO
56,Justin,Beck,clarence34@example.org,2024-08-20,FJ
57,Brandon,Riggs,gibsonolivia@example.net,2022-08-04,FI
58,Patrick,Ross,dianasmith@example.org,2024-11-15,NO
59,Linda,Dominguez,pwilliams@example.org,2022-11-16,PH
60,Steven,Schmidt,stephanie79@example.net,2022-07-14,SD
61,Rebecca,Griffin,juliawells@example.com,2023-09-16,GB
62,Dana,Cannon,rsims@example.com,2022-12-28,BO
63,Jimmy,Rogers,taylorjesse@example.net,2024-11-08,DE
64,Caleb,Russell,nperry@example.com,2024-10-29,MW
65,Brandy,Dominguez,wwoods@example.com,2025-08-14,GB
66,Patricia,Houston,tracynelson@example.com,2023-07-24,AT
67,Elizabeth,Yates,marycalhoun@example.net,2023-07-23,SN
68,Phillip,Elliott,millerroy@example.com,2022-02-09,EG
69,Nicholas,Lewis,matthew64@example.com,2022-03-15,ID
70,Thomas,Curry,cookemichael@example.net,2025-05-04,BJ
71,Denise,Webster,jamessmith@example.org,2025-02-15,GY
72,Elizabeth,Elliott,stevenscott@example.com,2022-07-04,DM
73,Tamara,Higgins,tamirodriguez@example.org,2024-06-04,KR
74,Rebecca,Brooks,charlesvaughn@example.net,2024-04-21,HN
75,Kendra,Jefferson,hoganashlee@example.org,2022-05-29,LY
76,Doris,Jones,alexander67@example.org,2024-02-18,NR
77,Cynthia,Poole,ryangross@example.net,2025-11-04,IR
78,Samantha,Hampton,ugraham@example.net,2024-06-18,IQ
79,John,Michael,nicole37@example.net,2023-04-16,VA
80,Matthew,Snyder,hunter35@example.com,2024-09-03,LV
81,Caitlyn,Beard,blackjames@example.org,2023-02-13,WS
82,Angela,Allen,fbrewer@example.com,2023-08-17,AM
83,Jeffrey,Holt,elizabeth57@example.net,2022-05-16,SM
84,Wendy,Pierce,jacqueline44@example.com,2023-05-18,HT
85,James,Wilson,jamesrodgers@example.com,2022-06-26,RS
86,Kathleen,Carlson,wallkenneth@example.com,2024-05-11,EE
87,Jean,Martinez,mccannangela@example.net,2023-03-18,CN
88,Karen,Garcia,andrewstaylor@example.com,2024-07-20,LV
89,Brett,Everett,ewilson@example.com,2022-09-27,RW
90,Crystal,Brown,lisaavery@example.org,2022-04-19,HU
91,Kathy,Obrien,kimberlyjames@example.com,2022-06-23,KG
92,Veronica,Torres,lynchjody@example.org,2025-06-10,YE
93,Donna,Moore,andreamoore@example.com,2022-11-05,PG
94,Terry,Johnson,jasmine71@example.net,2024-10-04,HT
95,Kristin,Weber,ronaldstephens@example.net,2025-09-11,CZ
96,Margaret,Jones,lauralarson@example.net,2025-08-20,JO
97,Taylor,Torres,gbender@example.net,2023-10-04,SA
98,Carly,Preston,cassandra01@example.org,2023-10-02,GQ
99,Barbara,Sampson,barbara27@example.net,2025-05-06,CF
100,Joshua,Shea,fwalters@example.org,2023-10-09,PW
101,Mathew,Santiago,marksteele@example.com,2023-05-24,HR
102,Lisa,Pierce,qmiller@example.com,2025-10-12,CI
103,Richard,Robertson,sandovalamy@example.com,2025-11-18,BF
104,Michael,Avila,nwolf@example.com,2022-10-02,SY
105,Keith,Gilmore,omartinez@example.net,2022-07-11,GY
106,Lance,Smith,hdavis@example.com,2024-11-02,CL
107,Eric,Cantu,william46@example.com,2024-08-04,PW
108,Andrea,Reyes,michellehill@example.com,2022-12-23,LV
109,William,Hoover,jessica99@example.net,2025-09-26,RW
110,Sean,Washington,andrea86@example.com,2025-06-18,LI
111,Tina,Allen,xhall@example.com,2025-06-24,BD
112,Thomas,Mcintyre,qhughes@example.net,2023-04-10,CZ
113,Benjamin,Shaw,molly71@example.net,2023-12-25,PH
114,Douglas,Pitts,charlesharrington@example.com,2022-01-23,LU
115,Raymond,Miller,melissa86@example.com,2024-06-29,YE
116,Katherine,Brennan,williamsonjimmy@example.net,2024-11-16,JO
117,Julie,Hamilton,hodgesjane@example.org,2025-12-28,PA
118,Kevin,Johnson,laura45@example.com,2022-09-01,NR
119,Amanda,Knight,georgemiller@example.com,2022-08-01,VN
120,Tyler,Aguilar,stevenking@example.com,2024-09-25,TL
121,Linda,Santana,charleslandry@example.net,2022-01-14,KG
122,Roger,Wright,james67@example.org,2024-07-22,GW
123,Michael,Phillips,andrew64@example.org,2023-07-12,TM
124,Kimberly,Beltran,swall@example.org,2025-06-17,UZ
125,Jeffery,Lee,erica21@example.net,2025-03-17,KH
126,Kristina,Johnson,jessica14@example.com,2022-02-27,AE
127,James,Buchanan,alyssa42@example.com,2023-08-31,RO
128,Kenneth,Harrell,mcdonaldcharles@example.org,2025-11-14,GD
129,Tina,Coffey,christopher60@example.com,2024-11-24,SO
130,Miguel,Curry,brenda51@example.net,2022-06-30,HT
131,Christine,Hahn,rose31@example.net,2023-11-20,PL
132,Kevin,Ortiz,brandonjohnson@example.com,2025-08-21,CI
133,Paige,Taylor,vwatson@example.net,2022-05-22,SR
134,Julia,Moore,fpena@example.net,2023-09-05,NE
135,Joshua,Vaughn,scottsampson@example.com,2025-10-03,BZ
136,Michael,Winters,bruce43@example.org,2025-12-04,PH
137,Jason,Fowler,williamsmatthew@example.org,2022-05-14,TM
138,Maria,Spencer,lisahall@example.org,2022-10-27,UG
139,Michele,Thomas,amberlindsey@example.org,2022-01-05,HR
140,David,Howard,briannasmith@example.com,2025-06-19,BF
141,Robert,Wilson,alvarezkimberly@example.net,2022-07-05,UA
142,William,Dougherty,acostaregina@example.net,2022-06-09,SK
143,Dawn,Johnson,bboone@example.net,2023-03-17,CD
144,Renee,Jones,morriseddie@example.org,2023-12-18,IS
145,Brenda,Joseph,hvang@example.com,2024-07-01,PH
146,Russell,Mcguire,farrelldebra@example.net,2024-01-09,WS
147,Russell,Beasley,dmorgan@example.com,2025-06-18,NI
148,Larry,Edwards,nicholas27@example.org,2024-12-01,BW
149,Christopher,Davis,lisa80@example.net,2025-04-30,TJ
150,Elizabeth,Jenkins,uparrish@example.org,2024-03-31,JO
151,Michael,Lane,ericolson@example.org,2024-05-27,MG
152,Michael,Farmer,lindsaybruce@example.net,2025-05-20,VE
153,Angela,Lynch,anthony44@example.com,2024-09-13,MG
154,Molly,Knight,vjones@example.net,2022-01-09,AT
155,Alyssa,Bennett,xpeterson@example.com,2022-05-15,WS
156,Shelly,Carlson,moorekaren@example.org,2023-04-19,GQ
157,Scott,Coleman,nperry@example.net,2022-04-30,CI
158,Daniel,Gregory,trose@example.org,2023-05-20,GN
159,Carol,Smith,sierra24@example.com,2023-08-01,LR
160,Tyler,Jordan,omarpadilla@example.net,2022-06-25,TJ
161,Linda,Jones,grahamsteve@example.org,2025-05-02,KW
162,Ashley,Mckinney,zroberts@example.org,2024-04-21,LR
163,Stacey,Stevens,christopher13@example.com,2022-09-09,TZ
164,Christian,Harrell,jeffrey21@example.net,2023-08-09,ZW
165,William,Bullock,michael23@example.org,2022-06-16,CY
166,Glenn,Hernandez,thompsonkendra@example.com,2023-01-09,PL
167,Kathleen,Cole,michelle52@example.com,2025-01-07,BJ
168,Crystal,Hogan,bellcharles@example.com,2023-11-17,PG
169,Miguel,Mitchell,gilbertwilliam@example.com,2022-02-24,TT
170,Latoya,Huang,kstout@example.net,2024-03-20,ET
171,Thomas,Hernandez,hayeslisa@example.com,2023-04-15,LC
172,Debbie,Williams,hritter@example.net,2022-05-04,VA
173,Nathan,Campbell,rschroeder@example.net,2022-08-20,BF
174,Deborah,Jones,grantpaul@example.com,2025-02-27,RS
175,Tamara,Morrison,mathewaguilar@example.org,2025-05-29,MG
176,Diana,Bates,brookehurley@example.com,2023-03-30,TJ
177,Latasha,Li,lucasrodney@example.com,2023-07-05,AM
178,Henry,Lewis,ilee@example.org,2023-06-14,BO
179,Kristin,Romero,stanleynancy@example.net,2023-03-09,CO
180,Eric,White,jenniferwilliams@example.com,2024-05-22,GD
181,Tara,Bishop,pyoung@example.com,2024-11-17,PW
182,James,Gregory,smurray@example.com,2025-08-13,SC
183,Tammy,Montoya,moniquewilliams@example.com,2024-02-10,MR
184,Curtis,Singleton,mitchellkathryn@example.com,2024-03-21,PG
185,Dylan,Kim,lisawilkerson@example.org,2025-08-15,NI
186,Wayne,Young,brooksanthony@example.org,2022-03-19,LC
187,Lacey,Taylor,samantha72@example.net,2024-08-07,PW
188,Adam,Miller,jason28@example.net,2023-10-18,UZ
189,Daniel,Roberts,david36@example.net,2024-02-11,VU
190,Daniel,Stein,chenbailey@example.net,2023-10-30,CV
191,Aaron,Gomez,qlopez@example.org,2023-03-02,SL
192,Carlos,Fox,myerstheodore@example.net,2025-11-24,MW
193,Jon,Smith,cooperjessica@example.net,2025-12-04,CA
194,Jill,Cook,bellmatthew@example.net,2025-02-01,EC
195,Gail,Pollard,zwelch@example.org,2025-04-28,BI
196,Sherry,Johnson,bradleygonzalez@example.org,2024-11-12,KW
197,Zachary,Hays,wking@example.net,2025-09-25,ET
198,Michelle,Williams,joshua56@example.com,2023-02-23,CH
199,Stephanie,Morgan,tylerjimenez@example.net,2023-10-05,IQ
200,Jessica,Miller,amymorris@example.org,2025-03-16,LR
201,Kirk,Morrison,cjackson@example.com,2024-08-23,PE
202,Molly,Gomez,yhill@example.org,2022-03-03,BO
203,Richard,Palmer,stephaniethomas@example.net,2024-09-07,GD
204,Austin,Jones,michael90@example.net,2025-02-15,DE
205,Stacy,Watson,berryalyssa@example.com,2024-09-19,KW
206,John,Wilson,victorhughes@example.net,2024-08-07,CL
207,Jorge,Griffin,heather73@example.org,2023-01-18,CR
208,Shannon,Roach,zosborn@example.net,2025-05-30,LB
209,Jenna,Pierce,patricia22@example.com,2024-09-02,SE
210,Tracie,Conner,kristyjohnson@example.net,2022-11-24,TO
211,Linda,Arnold,jonesraymond@example.net,2023-06-23,WS
212,Robert,Ortiz,martinezlogan@example.org,2023-12-01,PG
213,Zachary,Anderson,katrinaanderson@example.net,2023-11-12,BG
214,April,Torres,marcusfletcher@example.com,2025-04-29,SI
215,Meghan,King,david49@example.net,2025-07-31,BW
216,Gary,David,georgeweber@example.net,2024-01-05,LU
217,Anne,Bryan,millerstacy@example.net,2025-05-15,IN
218,Katie,Butler,jimenezcourtney@example.com,2024-08-09,BA
219,Timothy,Ballard,eevans@example.net,2025-10-29,BH
220,Robert,Marshall,catherine55@example.net,2022-08-19,LY
221,David,Wood,floressteven@example.com,2025-11-26,PG
222,Colin,Roberts,alin@example.org,2022-12-29,DJ
223,Sarah,Griffith,kathrynjimenez@example.net,2025-04-03,PT
224,Kyle,Johnson,pwagner@example.org,2023-12-30,TV
225,Brent,Simpson,amitchell@example.org,2023-05-31,NR
226,Joseph,Diaz,zdiaz@example.org,2022-07-15,TN
227,Michael,Roberts,wgordon@example.net,2024-03-31,IT
228,Cindy,Carr,theresalong@example.com,2025-04-20,TH
229,Kari,Gonzalez,cporter@example.org,2025-10-03,CU
230,Linda,Stone,catherinerobertson@example.com,2024-11-08,VA
231,Phillip,Jensen,brittney88@example.net,2023-04-11,RW
232,Kevin,Cabrera,mark16@example.net,2024-11-01,KP
233,Jessica,Watts,carlsonjoseph@example.net,2025-03-10,TT
234,Jennifer,Silva,alexandriagriffith@example.com,2024-04-23,CY
235,John,Armstrong,leescott@example.com,2025-04-15,CZ
236,James,Shaw,vsalas@example.net,2023-08-27,BH
237,April,Hoffman,ufox@example.org,2024-10-28,PK
238,Matthew,Gomez,chelsea33@example.com,2025-08-25,TH
239,Shelly,Hendrix,janet75@example.com,2023-03-13,MG
240,Sarah,Griffith,david86@example.com,2024-03-29,LY
241,Linda,Roberts,stephanie15@example.com,2025-10-26,TD
242,Timothy,Harris,sarah42@example.org,2023-01-10,VE
243,John,Williams,danawilliams@example.com,2024-12-18,LS
244,Craig,Townsend,oconnelltiffany@example.org,2024-11-14,NE
245,Nicole,Alvarez,katelynmitchell@example.com,2024-08-11,KH
246,Kayla,Pearson,amandasharp@example.org,2022-03-28,EC
247,Mary,Peck,osbornrandy@example.com,2023-09-03,ER
248,Suzanne,Howe,smithashley@example.org,2025-09-30,LT
249,Veronica,Daniels,ismall@example.net,2023-02-20,PT
250,Lisa,Rivera,twong@example.org,2023-02-03,AL
251,Krystal,Bradley,gregorychase@example.com,2024-12-12,NP
252,Christopher,Caldwell,tinawoods@example.org,2024-01-23,AF
253,Joe,Molina,kevin90@example.com,2023-01-17,TD
254,Joel,Contreras,zparker@example.net,2023-06-10,SC
255,Pamela,Carrillo,fowlershelia@example.com,2025-09-10,VE
256,Susan,Mendoza,madkins@example.com,2022-11-19,NI
257,Roberta,Todd,kathleenbecker@example.net,2024-10-22,BR
258,Allison,Cox,brownamy@example.net,2024-02-07,FR
259,Edward,Murphy,nwilson@example.net,2024-04-16,TV
260,Rachel,Griffin,chavezwilliam@example.com,2023-12-16,TM
261,Steven,Roman,fosterlisa@example.net,2022-03-26,GM
262,Brandon,Cooper,weaverbrian@example.org,2024-04-24,PW
263,Robert,Mack,ybrooks@example.com,2022-02-16,MT
264,Felicia,Stanley,desireebailey@example.org,2023-07-03,SO
265,David,Irwin,avilatiffany@example.com,2023-07-29,GQ
266,Roger,Gray,johnreed@example.com,2024-11-16,ET
267,Jessica,Rodriguez,bmendez@example.org,2025-10-01,GA
268,Brittney,Griffin,sanchezbradley@example.com,2022-04-09,HT
269,Karen,Parsons,williamroberts@example.net,2024-02-28,TR
270,Carla,Chambers,joel28@example.org,2023-04-11,NG
271,Bruce,Fry,conniesimmons@example.com,2023-03-16,BE
272,Shelly,Powers,heather62@example.com,2025-11-21,MT
273,Amanda,Allen,kevinzimmerman@example.com,2022-09-26,BG
274,Tammy,Grant,paulscott@example.com,2024-04-01,KH
275,Shannon,Watson,brettbennett@example.net,2022-04-26,UY
276,Charles,Ballard,timothybooth@example.com,2022-02-27,KI
277,Alexis,Giles,burgesskaren@example.org,2025-10-30,MC
278,James,Herman,kimberly67@example.net,2024-06-02,CF
279,Jose,Hunt,zowens@example.net,2023-06-09,PW
280,Luke,Harris,robert93@example.net,2025-01-17,CY
281,Angela,Silva,mphillips@example.com,2022-01-24,GT
282,Martha,Porter,jonathan77@example.com,2023-07-09,DO
283,Michael,Taylor,iwhite@example.net,2024-12-06,BH
284,Mary,Jones,duranrobert@example.net,2024-02-05,HT
285,Edward,Robinson,nbrooks@example.net,2022-04-10,TL
286,Roberta,Hopkins,smithandrea@example.org,2025-09-26,AM
287,Joshua,Madden,shawheidi@example.com,2024-02-13,EE
288,Cole,Hernandez,christineking@example.com,2022-06-06,IQ
289,Christian,Chung,scunningham@example.org,2025-03-07,KG
290,Melanie,Valdez,davisnicholas@example.net,2024-09-26,PY
291,Albert,Jackson,pbruce@example.com,2022-03-23,TM
292,Terri,Jacobson,hallrachel@example.net,2025-11-28,TN
293,Brandon,Jones,rachel90@example.org,2023-11-26,KW
294,Jamie,Thomas,thickman@example.org,2022-01-23,TM
295,Mary,Price,patrick21@example.net,2022-12-18,CH
296,Brian,Kim,petersonkayla@example.net,2025-11-24,MY
297,Mark,Walters,whenry@example.net,2025-11-16,MT
298,Erin,Guerrero,bartonkenneth@example.org,2023-09-23,LC
299,Joseph,James,jodistewart@example.org,2022-04-18,BW
300,Kyle,Ward,curtis12@example.com,2022-01-08,PE
301,William,Garcia,gomezchristopher@example.net,2024-03-24,LR
302,Alexander,Gutierrez,hardyanita@example.org,2025-06-15,TO
303,Gina,Jackson,kevin72@example.org,2024-02-01,DM
304,Robert,Washington,wardsheryl@example.net,2023-09-28,YE
305,Christina,Ellis,kevinrush@example.com,2023-12-26,VN
306,Michelle,Alexander,pochoa@example.net,2023-07-10,CR
307,Carrie,Dominguez,zedwards@example.com,2023-03-15,JP
308,Cynthia,Faulkner,markramirez@example.com,2024-12-09,MM
309,Anne,Vargas,erinpierce@example.net,2022-06-16,PL
310,Jason,Salinas,fuenteslaura@example.com,2025-10-09,GQ
311,Cynthia,Allen,jennifermccormick@example.org,2023-12-31,PE
312,Timothy,Morales,ystephens@example.com,2025-12-18,ME
313,Amanda,Little,rodriguezjohn@example.net,2025-08-01,MH
314,Cheyenne,Hart,vrasmussen@example.com,2022-09-01,CD
315,Jonathan,Dixon,seanmyers@example.net,2022-01-16,TZ
316,Edward,Cuevas,agarcia@example.org,2024-10-05,CI
317,Jessica,Bailey,stanley38@example.com,2025-04-29,MG
318,Samuel,Horton,carlos01@example.org,2023-11-27,LV
319,Erica,Martin,zacharyarnold@example.com,2024-08-04,TJ
320,Steven,Salinas,jacobsandoval@example.com,2023-09-15,AT
321,Nicole,Cole,tprice@example.org,2024-12-13,GA
322,Jane,Flynn,lloydamanda@example.com,2023-02-11,LR
323,Daniel,Lambert,orose@example.com,2022-10-15,UG
324,Philip,Wilson,megan92@example.net,2023-07-22,MA
325,Samantha,Lawrence,lawrenceallen@example.org,2025-03-15,EG
326,Donald,Price,baileyhenderson@example.com,2023-06-30,ZW
327,Samantha,Arias,angelaburns@example.org,2024-02-25,ER
328,Shannon,Brown,stephanie72@example.org,2023-04-05,MV
329,William,Simpson,cperry@example.com,2025-11-09,DM
330,Anthony,Juarez,antonio38@example.com,2022-05-01,DO
331,Ariel,Barton,hdunn@example.net,2025-02-14,CI
332,Amy,Ritter,wolfscott@example.org,2023-01-27,NO
333,Maria,Potter,nancy07@example.com,2022-05-30,MG
334,Christopher,Grimes,rowejoel@example.net,2025-06-13,TZ
335,Michelle,Bishop,imartin@example.org,2024-10-03,GA
336,Ashley,Patel,mariopadilla@example.com,2025-03-22,TO
337,Michele,Duke,taylorkaren@example.com,2023-01-26,BH
338,Michelle,Martinez,johndawson@example.org,2025-12-21,PS
339,Philip,Thomas,courtney67@example.org,2025-05-17,ZW
340,Kayla,Powell,heather57@example.com,2025-03-06,LR
341,Misty,Boone,simonstephen@example.net,2024-04-30,MC
342,Bryan,Ferguson,tammysummers@example.com,2023-06-08,IQ
343,Justin,Kelley,ashleewashington@example.com,2023-04-17,KZ
344,Brandon,Sims,ksmith@example.com,2025-01-18,PH
345,Susan,Harris,nicoleturner@example.com,2022-01-01,BW
346,John,Watson,brettgarrett@example.net,2024-08-14,ME
347,Ruben,Davis,smiththomas@example.org,2025-01-08,UA
348,Erin,Smith,lisa62@example.com,2022-11-27,BN
349,Christopher,Shaffer,edwardsnicole@example.org,2022-12-01,MU
350,Karen,Anderson,caseyelliott@example.net,2025-02-04,CF
351,Michael,Lewis,samanthajensen@example.com,2022-08-28,GM
352,Craig,Goodwin,bbell@example.com,2022-05-07,CU
353,Deanna,Wright,kimberly04@example.org,2022-12-29,SI
354,Jacob,Myers,bowerslaura@example.org,2024-06-05,SA
355,John,Little,ricetiffany@example.com,2023-07-18,LB
356,Michelle,Carroll,amy27@example.org,2022-07-12,AM
357,Alexander,Lewis,fryraymond@example.com,2024-05-08,YE
358,Katie,Henderson,imiller@example.net,2024-11-07,VE
359,Christopher,Miller,terrimoore@example.com,2022-08-12,MX
360,Kathryn,Santos,collinssamuel@example.org,2024-05-06,BG
361,Sandy,Wilson,parkerjudith@example.net,2022-12-24,EC
362,Jean,Miles,tylerreed@example.net,2022-06-24,WS
363,Nathan,Brady,jessica10@example.com,2023-01-14,NP
364,Caleb,Joseph,crawfordwilliam@example.org,2023-02-02,SB
365,Garrett,Moore,shannonemily@example.org,2025-06-09,GT
366,Aaron,Trevino,sanchezthomas@example.com,2024-12-18,CZ
367,Susan,Johnson,pwalker@example.com,2022-09-19,WS
368,Margaret,Duncan,shawrachel@example.org,2023-04-13,GR
369,Tina,Finley,wileymichelle@example.com,2025-03-21,LR
370,Stephen,Wood,anne49@example.org,2022-05-07,PL
371,Teresa,Cuevas,jessicapayne@example.org,2023-06-23,CZ
372,Robert,Hall,cynthia05@example.org,2022-01-10,PS
373,Melinda,Acosta,harristonya@example.com,2024-08-18,RW
374,Teresa,Thomas,christopher38@example.com,2025-11-05,ME
375,Stephen,Adkins,wagnerdana@example.com,2025-08-01,BO
376,Bryan,Bates,joelgreen@example.com,2024-05-14,MX
377,Jill,Stewart,jesus32@example.net,2024-10-20,CD
378,Frank,Owens,wmartinez@example.org,2022-08-16,PG
379,Joseph,Wilson,lindseytorres@example.net,2023-03-27,MC
380,Jason,Gates,christopherwright@example.com,2024-05-31,MY
381,Erica,Green,anthonysullivan@example.com,2024-01-21,TH
382,John,Murray,davidbrown@example.org,2024-12-28,CO
383,Richard,Parks,aguilarjonathan@example.org,2022-10-17,AO
384,James,Brewer,christopherboone@example.com,2025-12-27,CM
385,Steven,Jackson,zunderwood@example.com,2022-03-04,AT
386,Ronald,Gomez,joshuagriffin@example.org,2023-07-14,AU
387,Christina,Holland,jjenkins@example.com,2024-06-16,BH
388,Patrick,Barnes,crystalpham@example.org,2022-05-09,MU
389,Michael,Stephens,kcooper@example.net,2025-02-16,LI
390,Hector,Flores,anthonycochran@example.com,2023-07-22,BG
391,Thomas,Howard,terrigarcia@example.net,2025-03-27,GY
392,Lisa,Stark,gallagherstacie@example.net,2023-01-25,MW
393,Mary,Bruce,joelstewart@example.net,2023-06-03,MC
394,Brittany,Warner,stacey92@example.net,2023-06-09,ET
395,Lisa,Waller,gregory01@example.org,2025-05-07,HT
396,Andrew,Woods,samantha32@example.com,2024-05-29,VC
397,Leah,Oneill,johnsonbrenda@example.org,2022-09-17,CG
398,Michelle,Yu,janet69@example.org,2025-05-21,LU
399,Derek,Moore,fconner@example.net,2023-03-17,LB
400,Tanya,Steele,jeffrey92@example.com,2022-09-12,KP
401,Kelly,Thompson,rushstacy@example.com,2024-12-08,TN
402,Carrie,Mccall,daniellegarcia@example.com,2022-02-17,CV
403,Christian,Reed,gary15@example.com,2023-04-29,AG
404,John,Jones,kristin00@example.com,2023-01-23,OM
405,Tanya,Wilkerson,wmacias@example.net,2024-12-06,MT
406,Timothy,Shields,franciscojones@example.org,2022-05-29,KE
407,Jose,Garcia,george62@example.net,2022-01-30,BO
408,Rachael,Davis,bbush@example.net,2024-03-10,DM
409,Ryan,Brown,jamie36@example.net,2024-06-06,TG
410,Jessica,Baker,kenneth10@example.com,2024-11-20,TO
411,Travis,Brown,pattersonkelly@example.net,2024-03-14,YE
412,James,Johnson,daniellerowland@example.com,2024-05-26,CI
413,Raymond,Burns,christopher86@example.org,2023-03-27,MN
414,Mike,Griffin,scott43@example.com,2025-07-17,TM
415,Karen,Contreras,barnettlindsey@example.com,2022-04-01,TW
416,Angela,Randall,rsheppard@example.com,2024-05-11,TO
417,Thomas,Miller,shawrachel@example.net,2025-07-12,GD
418,Dylan,Avery,kthompson@example.org,2025-12-06,FI
419,Rodney,Mcneil,oharris@example.org,2022-07-04,UG
420,Renee,Sloan,millerangela@example.net,2023-01-12,LR
421,April,Stark,buchanancindy@example.net,2025-06-05,NL
422,Edward,Knight,buckleyanna@example.org,2022-06-14,JO
423,Nicole,Humphrey,patrick79@example.net,2025-06-21,PY
424,Joshua,Thomas,vwilliams@example.net,2022-02-24,GW
425,Thomas,Adams,andrew44@example.com,2022-03-14,RW
426,Gail,Compton,dennismccann@example.com,2025-06-07,LI
427,Robert,Brewer,scottmcintyre@example.com,2023-01-29,SZ
428,Zachary,Brooks,robertsonerik@example.com,2023-12-09,KN
429,Derek,York,thompsonnancy@example.org,2024-01-11,BG
430,Stephen,Hull,joshuacolon@example.net,2022-12-31,MY
431,David,Johnson,tracy72@example.com,2024-07-17,TZ
432,Max,Monroe,kaitlyn14@example.org,2024-03-16,MV
433,Melissa,Chan,mercedesholland@example.net,2022-03-14,GA
434,Robert,Smith,wellsdavid@example.org,2023-01-29,US
435,Jeffrey,Franklin,jennifer46@example.com,2025-03-16,MG
436,Jeffery,Turner,asilva@example.net,2023-11-02,HR
437,Mary,Hoffman,kenneth17@example.org,2025-11-13,LU
438,Danielle,Hensley,diana43@example.org,2025-12-14,SI
439,Rachel,Trujillo,rguerrero@example.org,2025-01-23,WS
440,Tyler,Phillips,vsullivan@example.org,2022-02-07,TV
441,Ashley,Lee,ginalittle@example.com,2024-10-31,SV
442,Kevin,Jackson,kellyruiz@example.net,2023-06-08,IL
443,Angelica,Gaines,destiny35@example.org,2024-11-25,CH
444,Robert,Eaton,jorge47@example.org,2025-06-27,PW
445,Cynthia,Carpenter,kennedyjames@example.org,2022-03-20,KZ
446,Kenneth,Brown,derrickgonzalez@example.com,2023-07-12,TN
447,Valerie,Thomas,kimberlyfreeman@example.net,2025-07-28,EE
448,Brian,Hayes,kathleenjackson@example.org,2023-04-03,RW
449,Kimberly,Anderson,zschultz@example.com,2025-02-21,QA
450,Benjamin,Gonzalez,stephanie58@example.org,2023-07-15,AM
451,Courtney,Wright,larry16@example.net,2024-09-15,TZ
452,Cameron,Williams,stephen89@example.net,2023-03-24,LU
453,Gloria,Anderson,mhoward@example.org,2023-09-26,NA
454,Jeffrey,Mercer,jessicalawrence@example.org,2022-01-28,CM
455,Debra,Johnson,kelsey90@example.net,2023-06-20,BE
456,Desiree,Smith,butleromar@example.net,2024-08-25,ID
457,Eric,Neal,turnerdorothy@example.net,2023-11-25,SK
458,Catherine,Taylor,huntchristine@example.com,2023-01-30,CI
459,Tyler,Lynch,marie35@example.net,2025-02-20,NE
460,Benjamin,Crawford,haleycastillo@example.org,2023-03-08,AD
461,Christopher,Rodriguez,fhernandez@example.net,2022-01-19,BO
462,Craig,Scott,stephenmadden@example.com,2024-11-23,PL
463,Lisa,Sawyer,michael56@example.net,2022-03-15,CI
464,Katherine,Williams,elizabethjackson@example.com,2022-05-19,OM
465,Joseph,Quinn,lisa21@example.com,2025-10-27,MZ
466,Joseph,Cruz,pmarsh@example.org,2025-11-06,CG
467,Jessica,Jarvis,dalepruitt@example.com,2022-07-13,TN
468,Howard,James,cheryl27@example.com,2024-09-18,CG
469,Scott,Brown,alexander89@example.net,2025-07-20,TM
470,Stephanie,Marks,reynoldsjessica@example.com,2022-11-24,LY
471,Darlene,Hernandez,smithsarah@example.net,2024-08-27,PW
472,Molly,Jones,vflores@example.com,2025-05-29,BE
473,Andrea,Gray,christianwallace@example.net,2024-01-11,PE
474,Vernon,Stewart,bmcgee@example.org,2022-05-09,NA
475,Angela,Smith,connersylvia@example.net,2023-08-26,KI
476,Anna,Pena,xclements@example.org,2025-07-24,GR
477,Martin,Saunders,xmoran@example.net,2025-05-18,PG
478,Katherine,Walker,michael48@example.net,2022-06-16,MR
479,Brandon,Martin,lydianewton@example.com,2024-10-22,CD
480,James,Martinez,ylewis@example.org,2023-01-07,VC
481,Katherine,Williams,bartonshannon@example.net,2023-05-09,TZ
482,Dennis,Porter,tranryan@example.net,2025-10-28,RO
483,Kimberly,Kent,jessicaanderson@example.com,2025-09-12,KM
484,Nicole,Gordon,mbarnes@example.net,2024-05-27,HU
485,Tamara,Waller,iballard@example.com,2023-02-04,UY
486,Kaitlyn,Evans,jennifer83@example.org,2024-10-19,GE
487,Kelly,Reed,tinasantos@example.org,2024-06-30,SC
488,Dana,Page,anna99@example.net,2024-03-03,KN
489,Julie,Skinner,natalie60@example.net,2023-09-02,CD
490,Dustin,Santiago,josephfloyd@example.com,2022-02-06,KZ
491,Mary,Vaughn,james80@example.com,2023-01-02,PG
492,Miranda,Stevenson,juliahoffman@example.org,2022-05-30,SE
493,Lauren,Roberts,housepaul@example.net,2025-02-19,KW
494,Brian,Manning,christinenorman@example.com,2025-11-12,GR
495,Janet,Holland,kimberlybrandt@example.com,2025-08-24,PE
496,Felicia,Lopez,jillwilson@example.org,2022-09-17,NP
497,Joseph,Martin,adam72@example.org,2023-02-12,DE
498,Candice,Ayala,tracy98@example.com,2025-09-18,BN
499,Louis,Robinson,abigailhartman@example.org,2025-02-19,NI
500,Richard,Bailey,elizabethrivera@example.com,2024-03-04,GM
