product_id,name,category,unit_price,created_at
1,Secured multi-tasking leverage,grocery,60.11,2026-05-26 10:31:36.593743
2,Versatile solution-oriented access,grocery,141.14,2026-08-30 12:52:29.645239
3,Monitored local encoding,home,74.07,2021-08-26 23:50:46.814893
4,Seamless regional encryption,electronics,339.97,2026-02-20 09:37:12.582407
5,Synergized fresh-thinking implementation,toys,48.03,2026-06-13 06:08:17.786204
6,Customizable human-resource extranet,books,20.73,2026-03-16 03:00:04.630912
7,Horizontal 4thgeneration model,electronics,113.23,2024-01-26 17:39:50.872376
8,Multi-layered multimedia website,toys,303.0,2025-09-02 11:39:59.166326
9,Pre-emptive 6thgeneration frame,toys,103.42,2023-11-22 09:14:14.375593
10,Ergonomic fresh-thinking migration,grocery,352.16,2026-02-07 12:11:29.214142
11,Cross-platform composite throughput,books,114.12,2021-06-20 19:51:55.021656
12,Adaptive responsive architecture,toys,142.7,2024-01-22 01:01:05.885428
13,Self-enabling zero-defect data-warehouse,sports,8.22,2022-03-14 06:30:58.888935
14,Optimized bi-directional database,sports,84.03,2025-11-30 08:41:58.642519
15,Total user-facing time-frame,books,173.42,2024-01-21 14:02:02.727689
16,Compatible value-added software,home,111.58,2023-06-22 21:52:57.427658
17,Persevering transitional groupware,sports,171.61,2021-11-15 23:13:35.282122
18,Compatible actuating conglomeration,electronics,193.06,2021-03-20 14:18:24.827808
19,Realigned asynchronous orchestration,apparel,424.51,2025-07-06 14:50:57.054838
20,Fundamental incremental info-mediaries,toys,135.94,2025-09-01 11:16:57.657641
21,Open-architected intermediate functionalities,electronics,366.22,2023-07-25 20:55:08.783687
22,Synergistic bottom-line monitoring,toys,66.79,2021-02-05 00:58:40.115847
23,Up-sized regional architecture,books,44.01,2021-01-13 05:41:57.806052
24,Reduced 6thgeneration standardization,apparel,415.56,2025-04-18 06:13:34.587402
25,Multi-channeled motivating benchmark,toys,443.3,2025-10-26 17:14:56.193961
26,Synergized exuding portal,apparel,290.79,2022-08-25 06:33:39.530071
27,Virtual leadingedge implementation,grocery,39.43,2021-06-29 10:58:28.606741
28,Switchable 4thgeneration leverage,grocery,117.81,2023-03-31 16:08:21.735620
29,Face-to-face client-driven synergy,apparel,492.68,2021-11-21 07:07:41.776245
30,Quality-focused explicit productivity,sports,120.23,2023-03-23 02:58:32.915994
31,Synergistic upward-trending project,electronics,193.16,2021-10-26 21:19:13.961841
32,Advanced neutral open architecture,books,319.66,2023-02-14 01:38:57.002044
33,Balanced 24hour orchestration,apparel,85.51,2021-10-21 06:48:29.135858
34,Public-key neutral artificial intelligence,apparel,108.71,2024-05-22 18:37:00.002353
35,User-friendly user-facing success,apparel,352.4,2022-09-25 02:08:54.713753
36,Open-source secondary migration,grocery,325.78,2022-12-15 07:53:42.772557
37,Enterprise-wide directional pricing structure,toys,319.31,2021-10-23 12:38:31.454219
38,Ergonomic bifurcated contingency,toys,365.92,2025-09-28 16:57:35.016329
39,Re-contextualized actuating system engine,home,233.82,2024-10-23 23:03:23.813765
40,Reactive maximized project,apparel,494.81,2026-04-19 05:23:53.913666
41,Implemented static architecture,grocery,345.64,2024-02-15 07:02:10.027303
42,Exclusive uniform paradigm,home,343.88,2022-06-05 01:23:15.135629
43,Managed heuristic capacity,sports,385.32,2023-10-08 16:31:57.537249
44,Front-line bandwidth-monitored forecast,electronics,118.38,2024-10-24 14:52:19.873190
45,Ergonomic foreground matrix,electronics,403.5,2024-07-09 04:49:42.805723
46,Seamless stable function,books,137.53,2023-07-24 21:02:10.433453
47,Distributed non-volatile open system,home,457.0,2024-12-09 14:18:55.405018
48,Intuitive interactive concept,toys,438.8,2023-01-27 03:37:15.637161
49,Fully-configurable zero tolerance definition,apparel,110.25,2021-01-11 00:34:21.773446
50,Stand-alone intermediate focus group,books,200.84,2025-01-17 11:24:12.955015
51,Devolved systematic superstructure,grocery,232.13,2025-10-09 19:54:39.264795
52,Polarized maximized knowledge user,apparel,74.12,2022-11-19 20:03:28.664278
53,Integrated mobile neural-net,grocery,282.88,2023-01-15 05:14:42.792565
54,Stand-alone real-time artificial intelligence,apparel,374.77,2021-08-14 18:37:31.917392
55,Devolved national customer loyalty,books,449.42,2025-10-13 07:42:07.115298
56,Self-enabling asynchronous superstructure,books,184.19,2022-07-01 02:05:13.168631
57,Ameliorated motivating product,home,257.22,2021-06-06 10:03:32.177088
58,Reduced optimal initiative,electronics,379.11,2021-03-06 17:07:02.490950
59,Extended 5thgeneration neural-net,sports,59.28,2025-05-15 17:24:37.565670
60,Quality-focused methodical projection,grocery,84.19,2022-06-25 15:43:26.493137
61,Multi-lateral hybrid definition,grocery,213.97,2025-05-28 03:59:30.915207
62,Reverse-engineered upward-trending frame,electronics,195.46,2026-01-24 07:26:05.876086
63,Profit-focused multimedia array,toys,498.08,2021-10-05 17:45:41.857018
64,Profit-focused 24/7 protocol,toys,129.45,2023-04-04 03:22:51.300910
65,Seamless systemic concept,toys,431.09,2022-05-11 13:32:34.374765
66,Devolved local complexity,electronics,341.74,2025-04-20 20:14:12.194138
67,Re-contextualized stable circuit,electronics,342.45,2022-01-07 15:23:22.006291
68,Polarized heuristic analyzer,toys,376.68,2025-03-07 16:25:23.992467
69,Pre-emptive discrete architecture,sports,322.28,2022-03-30 22:41:57.789019
70,Focused 6thgeneration secured line,electronics,150.28,2022-07-03 09:58:22.574300
71,Multi-lateral human-resource leverage,home,229.59,2022-03-05 22:59:36.517323
72,Balanced 6thgeneration projection,grocery,438.55,2026-03-20 05:03:38.285081
73,Triple-buffered multi-state productivity,apparel,486.08,2022-11-04 07:02:58.780117
74,User-centric empowering paradigm,sports,93.43,2025-09-18 02:58:39.065380
75,Enhanced homogeneous projection,electronics,435.91,2024-02-04 06:25:55.879507
76,Reverse-engineered solution-oriented archive,apparel,421.63,2023-02-25 05:54:37.072082
77,Multi-tiered directional model,toys,306.44,2023-12-08 19:55:36.444704
78,Monitored mobile utilization,home,190.09,2023-04-22 22:19:06.890441
79,Robust 24hour middleware,home,271.99,2023-09-28 03:35:26.031100
80,Organic composite emulation,sports,461.6,2026-01-04 19:15:27.776567
81,Stand-alone even-keeled data-warehouse,electronics,301.48,2021-06-09 22:06:55.799841
82,Diverse high-level portal,books,14.64,2021-11-08 16:15:39.099092
83,Decentralized stable emulation,apparel,439.97,2025-01-28 01:30:13.704879
84,Managed uniform budgetary management,sports,404.35,2023-05-11 03:02:18.571239
85,Polarized mission-critical database,home,33.67,2023-09-26 22:02:38.386272
86,Stand-alone incremental adapter,toys,473.74,2024-05-10 14:39:24.594541
87,De-engineered object-oriented parallelism,electronics,367.29,2022-05-21 12:00:20.038848
88,Self-enabling multimedia analyzer,sports,39.26,2021-12-01 06:23:44.540175
89,Digitized analyzing concept,sports,268.69,2026-01-22 23:34:35.819266
90,Enterprise-wide multi-state initiative,home,68.55,2022-06-20 18:23:18.368052
91,Re-contextualized scalable adapter,books,473.69,2024-05-28 09:10:37.634023
92,Upgradable stable forecast,home,136.2,2025-12-28 11:44:23.688938
93,Extended local portal,sports,305.26,2026-05-20 02:27:07.632778
94,Polarized composite definition,home,464.81,2026-08-22 12:55:36.930612
95,Right-sized client-server utilization,sports,366.32,2025-09-19 14:38:49.293149
96,Visionary contextually-based process improvement,home,357.91,2024-04-23 17:08:25.818553
97,Fundamental composite success,books,497.6,2024-09-30 10:59:36.374781
98,Persevering radical parallelism,grocery,189.84,2024-11-23 06:37:48.438775
99,Multi-tiered human-resource capacity,toys,228.49,2021-05-23 19:35:31.403190
100,Exclusive multi-state middleware,home,116.23,2021-08-14 05:33:17.668463
101,Distributed real-time attitude,apparel,15.41,2024-11-20 17:43:19.536937
102,Seamless radical alliance,toys,118.91,2022-01-04 01:36:13.298054
103,Public-key motivating system engine,home,8.56,2025-12-26 22:04:57.136638
104,Polarized stable capacity,grocery,317.4,2021-09-01 18:58:42.140408
105,Quality-focused 24hour time-frame,home,38.36,2026-02-15 04:33:57.512769
106,Optional multi-state instruction set,electronics,430.52,2024-11-08 16:31:35.069280
107,Balanced tangible moderator,electronics,259.51,2023-02-08 08:34:40.471744
108,Polarized zero administration implementation,apparel,336.14,2023-06-09 21:08:08.028008
109,User-centric well-modulated standardization,home,271.92,2022-12-29 03:47:39.269412
110,Optimized client-driven extranet,grocery,468.08,2024-04-10 04:15:13.915111
111,Focused attitude-oriented forecast,toys,290.22,2023-09-17 20:11:53.885186
112,Quality-focused incremental extranet,home,393.39,2024-05-26 04:08:37.110291
113,Triple-buffered value-added utilization,sports,206.49,2022-01-28 03:05:35.776588
114,Programmable bottom-line model,electronics,52.98,2021-01-15 18:12:00.419035
115,Streamlined demand-driven solution,books,180.38,2021-01-15 22:10:54.702443
116,Open-source high-level benchmark,books,236.18,2025-07-27 12:20:17.752146
117,Streamlined optimal extranet,grocery,31.81,2021-11-18 02:12:36.608312
118,Public-key interactive open system,grocery,492.16,2022-06-27 01:54:27.202785
119,Grass-roots systemic infrastructure,electronics,35.0,2023-01-29 12:54:38.551902
120,Open-source neutral toolset,grocery,172.95,2025-04-16 05:00:01.698659
121,Enhanced holistic open architecture,sports,59.09,2024-03-02 16:16:11.321470
122,Function-based fault-tolerant orchestration,home,99.15,2024-02-26 04:15:51.597354
123,Triple-buffered hybrid support,books,74.39,2022-12-16 09:01:16.511959
124,Switchable bottom-line synergy,home,142.88,2021-10-14 10:14:21.936262
125,Total cohesive attitude,home,437.87,2022-04-22 15:59:36.775339
126,Open-architected zero tolerance Graphical User Interface,electronics,224.35,2022-03-21 21:34:20.901021
127,Seamless tangible software,sports,428.7,2025-07-20 09:23:35.104266
128,Diverse human-resource productivity,electronics,30.04,2025-01-06 06:05:14.535389
129,Cross-group client-server leverage,toys,418.83,2021-01-11 23:24:47.805375
130,Optional background architecture,electronics,463.55,2026-04-05 17:22:12.650342
131,Multi-layered attitude-oriented portal,sports,122.01,2022-06-30 18:59:04.255324
132,Networked impactful pricing structure,books,245.39,2021-03-20 07:47:08.739081
133,Horizontal transitional policy,home,433.0,2024-09-23 06:03:06.118390
134,Vision-oriented context-sensitive productivity,electronics,86.5,2021-04-30 05:00:16.338455
135,Advanced dedicated protocol,electronics,492.73,2023-10-23 13:54:49.186608
136,Programmable executive core,apparel,463.63,2026-04-15 21:10:08.551760
137,Right-sized multimedia model,sports,230.23,2021-03-11 17:21:46.232430
138,Seamless composite service-desk,books,349.81,2024-12-19 22:50:25.335299
139,Front-line solution-oriented ability,grocery,497.73,2021-03-16 19:26:01.119110
140,Cross-group even-keeled time-frame,toys,332.63,2026-07-18 00:03:06.858793
141,Synchronized hybrid initiative,books,81.62,2023-04-09 15:14:51.559891
142,Programmable 24/7 support,apparel,112.76,2024-04-30 20:06:57.457300
143,Cross-group neutral forecast,electronics,291.69,2024-12-30 16:21:23.781159
144,Realigned optimal hardware,toys,35.17,2025-02-15 09:26:09.653978
145,Grass-roots directional portal,apparel,33.3,2022-12-22 20:18:04.324769
146,Persevering impactful orchestration,toys,241.01,2026-06-21 21:16:29.954861
147,Enhanced incremental middleware,sports,267.91,2021-01-10 15:35:21.485398
148,Compatible motivating frame,electronics,480.59,2021-08-09 20:44:31.360664
149,Customizable multimedia extranet,electronics,426.41,2022-12-07 06:25:43.890888
150,Re-engineered eco-centric solution,electronics,299.54,2025-12-23 12:26:58.410544
151,Multi-tiered non-volatile matrices,grocery,431.6,2023-07-08 12:50:04.381008
152,Versatile global time-frame,books,64.34,2025-05-17 07:35:42.728715
153,Persevering optimizing algorithm,toys,126.88,2023-08-10 21:25:29.495783
154,Fundamental asymmetric implementation,toys,24.67,2023-09-27 20:37:25.540787
155,Face-to-face systematic standardization,electronics,212.52,2024-08-07 13:08:21.229576
156,Intuitive incremental help-desk,toys,284.79,2022-04-22 23:54:06.041210
157,Advanced tangible firmware,apparel,467.68,2023-12-08 12:01:34.739040
158,Cross-group impactful service-desk,home,336.51,2022-05-31 00:24:03.410131
159,Mandatory asynchronous neural-net,apparel,123.15,2025-04-03 09:07:09.239996
160,Phased foreground help-desk,books,69.78,2026-04-17 04:55:22.249338
161,Re-engineered encompassing contingency,grocery,153.5,2022-03-30 10:06:13.286327
162,Synergized content-based methodology,apparel,464.86,2026-05-19 19:41:34.226366
163,Front-line user-facing encoding,electronics,9.61,2025-03-10 03:47:35.574757
164,Expanded discrete customer loyalty,toys,499.23,2025-12-16 12:38:04.817523
165,Secured heuristic collaboration,electronics,41.26,2025-09-29 02:31:29.192096
166,Decentralized attitude-oriented service-desk,home,255.41,2025-06-04 22:15:47.298841
167,Proactive reciprocal ability,home,466.96,2026-06-06 18:56:26.189658
168,Quality-focused 6thgeneration matrices,electronics,440.24,2025-05-05 10:39:21.550381
169,Intuitive modular orchestration,apparel,146.07,2023-02-10 01:21:32.464864
170,Pre-emptive contextually-based task-force,books,417.7,2025-12-08 06:47:29.509590
171,Grass-roots hybrid definition,grocery,154.75,2026-03-16 06:42:19.899618
172,De-engineered actuating moderator,sports,328.72,2025-04-06 05:53:23.789125
173,Polarized needs-based alliance,electronics,335.59,2025-07-17 02:32:13.599537
174,Object-based systemic time-frame,toys,153.19,2023-11-09 09:32:30.023200
175,Decentralized tangible model,grocery,56.28,2021-12-29 15:04:00.532653
176,Team-oriented 24/7 access,home,135.91,2023-08-13 10:16:28.348697
177,Multi-tiered optimal attitude,electronics,372.5,2024-10-30 10:39:12.384144
178,Seamless empowering contingency,home,139.81,2022-11-07 03:00:56.107715
179,Front-line encompassing leverage,toys,109.26,2024-02-13 00:12:30.383495
180,Mandatory high-level contingency,apparel,105.78,2026-06-12 11:42:59.536569
181,Expanded intangible standardization,grocery,427.19,2023-11-01 17:03:54.518265
182,Multi-lateral impactful focus group,toys,246.82,2025-04-10 10:46:49.663000
183,Re-engineered clear-thinking orchestration,sports,30.15,2023-07-25 01:10:09.646939
184,Cross-platform uniform flexibility,grocery,214.67,2024-11-24 03:34:42.946222
185,Realigned intermediate implementation,apparel,26.82,2025-07-27 02:24:06.695365
186,User-centric coherent leverage,apparel,386.7,2022-02-11 17:42:52.674130
187,Enhanced intangible methodology,grocery,490.0,2025-07-30 09:06:24.206206
188,Self-enabling multi-state monitoring,home,371.91,2021-10-06 23:09:29.076748
189,Pre-emptive exuding extranet,toys,354.31,2025-02-03 19:41:46.418622
190,Re-contextualized actuating infrastructure,toys,9.79,2024-03-12 04:05:28.951635
191,Diverse analyzing data-warehouse,electronics,472.8,2021-07-25 07:49:03.159946
192,Phased responsive attitude,grocery,452.44,2025-08-16 06:52:09.582203
193,Managed empowering hierarchy,toys,22.83,2023-07-23 05:38:43.865482
194,Realigned eco-centric hardware,apparel,293.34,2023-01-18 11:09:47.862280
195,Decentralized grid-enabled service-desk,home,217.74,2021-02-11 03:34:25.183079
196,Exclusive object-oriented orchestration,electronics,157.59,2026-06-22 00:14:00.594317
197,Public-key context-sensitive time-frame,sports,486.24,2024-09-10 03:53:53.479011
198,Inverse systematic migration,electronics,449.97,2022-08-14 10:16:21.922899
199,User-centric local artificial intelligence,home,342.62,2023-10-09 07:38:06.847926
200,Horizontal maximized product,grocery,55.88,2023-03-02 12:59:41.254881
